complaint_count,severity_avg,season_flag,source_weight,recency_weight,trend_score,adulterant_count,risk_score
29,1.7337391594646552,0,0.7190609389379257,0.8900466011060912,-0.6880109593275947,3,98.90862362633874
3,1.0823379771832098,0,0.8053991405867773,2.8463817725393756,-0.9984424683179713,4,63.44540543433277
33,2.216968971838151,0,0.30494641365380215,0.5576560626035394,0.049549320516778295,2,84.02195257095211
3,4.439761626945282,0,0.41936688658110405,0.6626289824631988,0.8977710745066665,4,82.73330129945147
9,1.0638650088808568,0,0.7789631185585097,1.6003812343490034,-0.7559235303104423,5,75.40372978295484
2,2.700623497964979,0,0.6826971955402957,0.9621361388138177,0.9391692555291171,2,72.7429795043088
10,4.579309401710596,0,0.6993107820837796,1.8020856500645592,0.9223440486986982,5,98.60074544585163
25,2.123738038749523,0,0.4931994274157803,1.240683764260206,-0.669466121873995,1,77.73727937732032
9,4.08897907718663,0,0.5054417223026266,0.5351995567877111,-0.6023151918223897,3,58.81689759080916
7,4.400154311159197,0,0.5316286173968544,0.6588958757150591,-0.3780353565686756,5,62.20014049488534
22,4.548850970305306,1,0.5680488123276528,2.929280238472759,0.6978276485321677,5,91.12544690980826
27,3.0909313175279762,1,0.3177933887208666,0.7697285674832611,-0.9371416286265315,1,93.26669963665725
32,3.78206434570451,0,0.4745045604042124,1.5259573075890742,0.5111022770860973,4,100.0
2,3.497416192535173,0,0.3738459818811894,1.6413364262072756,-0.5631191255663328,4,43.90124740045607
28,2.4251913523078996,1,0.49049257456924467,2.119225301353406,-0.9989592460093684,5,82.771237602888
27,2.669644012595116,0,0.7847052230231892,1.1735308344963036,-0.5117489555044517,3,89.3523922241278
32,3.0751624869734644,0,0.5826853197406285,0.662230617772454,-0.4921691721313106,4,93.7356209940952
17,2.06712405710114,0,0.651875316260203,0.6286968781249733,-0.44270707152677713,1,76.90659895433681
19,3.722821806219067,0,0.642616932194294,2.964126135276502,-0.5158894569769992,4,84.72289188634298
24,2.8812025377841537,0,0.7434707975326262,1.8394367101868963,-0.8194204598911834,1,69.56703489012962
6,3.7832512271635275,0,0.7136250602317693,2.193910904605706,-0.9668243421442877,3,56.08105625164175
33,2.5902880843500893,0,0.9557109921157141,0.8438023603649831,-0.317867297899483,1,100.0
23,3.1657918953102633,1,0.4805591394006089,2.1499601150854475,0.6344444004024317,1,99.25380475374594
12,3.2331738144283904,1,0.43209497583896556,1.1971783814804546,0.4007156599455426,3,85.85132715302417
24,2.6180325084887603,1,0.7494221523080014,0.710349912487622,-0.6767425718107725,6,100.0
29,2.1356838989498628,0,0.6399296275103585,1.6210603574656184,0.9889149252216414,4,100.0
4,1.9489963499872003,0,0.42517589645493015,1.4161719614571497,0.48834104611312457,3,68.07979740022624
22,2.060809470726902,0,0.9852250007925063,1.7168553823986379,0.812197575437108,3,99.43557250516763
21,3.0105483724207684,0,0.7682468417641697,2.6604189126797575,-0.5396294635168895,3,90.15886139674983
17,4.9782020431893645,0,0.9184458155863813,2.369296934743535,0.9061436940479064,5,100.0
31,4.854479908357011,1,0.35274237920428975,1.2642425482179547,-0.618177937699308,1,94.77353143024968
31,4.3768525629052455,0,0.6990428190625555,0.7429412344269213,0.23001445339833948,6,100.0
2,2.016654596278955,1,0.9141611503495688,2.351921544385511,0.39403148199053595,3,67.20842880125926
26,4.240453578716723,0,0.7280595976059763,0.703985451000601,-0.9896302744520264,4,96.26495971507433
1,1.2837636679997106,0,0.9206320042654619,0.5690419296842617,0.15772979101511742,6,48.80164478684156
22,3.363333042276043,0,0.4751759523611048,0.597086836073558,-0.39346897065355435,3,92.24723220113205
33,4.311476015150355,0,0.4510747192477902,2.0572261895475004,-0.829305070012464,5,100.0
16,4.903408317850138,0,0.8002165729259665,0.6026687919196895,-0.20235819711041092,3,67.53842794566418
26,1.10140297366183,0,0.35661107663203834,1.5707861873502695,0.37699980153073276,1,65.70089087856782
32,3.196906658824482,0,0.7621381637024118,1.1998347423648572,0.9097305613263882,5,100.0
29,2.6784002497111596,0,0.6962260473458534,0.8966161191062276,-0.7596707043887156,5,100.0
5,2.8966953163493008,1,0.8343550961027375,2.5172824426269487,-0.3073913578211984,6,85.1198217862072
23,1.192235696788135,0,0.7445655556073506,0.6132600244301113,-0.25077477074705756,2,67.80143308078436
5,3.7358550775925643,0,0.9607241231925299,2.8606289928129183,0.7343978671100075,3,79.78468065482605
24,3.708673369531927,0,0.7503017529096472,1.6456322262287917,0.09123357863186987,5,87.13404621389626
29,1.2774452035006618,0,0.3272741926171635,2.045634710844732,-0.326891570222547,2,99.10600844445874
29,4.379501243877819,1,0.538437198624968,1.1517363205897577,-0.007925091413187646,2,100.0
25,4.213923721539395,0,0.6835803182736611,1.5586773557702964,0.13704056749991667,3,100.0
35,2.650470707645706,0,0.4750115144512732,1.9513600308597745,0.7342332144194441,5,100.0
35,1.4124954753437304,1,0.6740292314713944,1.7414029767076942,-0.22076382756159307,5,96.75401797226216
12,4.834165987532794,0,0.36390067375029345,1.2982840939760372,0.9001239341016098,4,75.6628245325735
5,2.172843086792258,0,0.6875921366420605,1.0318197375605724,0.8923890857633805,1,59.56018552382277
14,3.198115529294942,0,0.8159248897537061,1.8647894254124724,0.4116629677573891,4,68.75097603654419
7,2.7043659001877645,0,0.35093410445493545,2.5546501482258908,0.4124844543129924,5,82.17186298063754
19,3.3252216689071292,1,0.9162519780468916,1.091712984205197,0.8153874126970926,5,100.0
19,4.108587663709747,0,0.7935590550076619,1.1218103860757198,-0.33949494196180297,6,79.97753787292557
13,2.6208083471256685,1,0.8186817026374678,2.4179871327714295,0.6455807037533863,1,73.06818122526255
25,4.474396512757841,0,0.6054350821245891,2.505273122566835,0.9558013375085417,5,100.0
16,3.1108044363451994,1,0.9433810006950616,1.1324754199731029,0.3908222462132951,1,96.09986505711478
15,2.818164259071093,0,0.7878475391046703,1.4605045784480497,0.47420141168603847,3,63.03797283512834
32,1.2314555910308296,0,0.618959726949999,2.050331494503842,-0.44523763403773464,4,96.4141882285874
28,1.3109385478599394,0,0.48196490399798386,1.6331021170720776,-0.9353680977806991,1,86.79810004183197
20,3.411127528093194,0,0.8757760700462183,2.87449978322981,0.45143901677671994,1,99.63794365914595
33,4.110409134940902,0,0.991093290520461,0.8760422277588205,0.18826143070427026,1,100.0
27,3.2763258766629906,1,0.6280852118564791,1.537048755844163,-0.45318585613858753,6,100.0
3,3.22172682241051,0,0.8082845908502936,2.3927030051061395,-0.24429890144842714,5,53.59657483241615
1,4.8162041090348895,1,0.4600499638524239,2.1792517110146417,0.23625648091579166,4,88.94398413483545
3,3.0806540044479735,0,0.8714700146491436,2.9199344135995577,-0.8231835532687068,3,48.119430967961826
17,1.536060913802563,0,0.8285960789715332,2.0507738783836618,0.40815953619844714,3,76.33018565228073
30,3.2192624341689027,0,0.9329110861456238,1.370638667558251,0.027978978319621595,4,97.21049656476116
17,4.7980824946305685,1,0.6215427655623207,2.605228537546774,0.537835482630795,4,100.0
2,2.315006441150033,1,0.7057549541302168,1.3539080261413625,0.07452683342814015,3,64.42282662590456
16,3.5634989792128584,0,0.7875510263589552,1.5291530358938203,0.7486352097088342,3,96.42284974937724
21,1.6757402522886582,0,0.5433334501378784,0.5795117037129128,0.09743061841481726,5,67.97452473905133
12,1.82533487362317,0,0.39012387880975075,1.3252487832753885,-0.356834470639942,2,51.710286706580206
30,1.627910730864775,1,0.4938143537030426,2.5155031994826533,0.4965193807673167,5,100.0
15,3.14636258394933,0,0.6391660896337149,2.04563692882574,-0.2621727208604552,2,60.31080342920926
18,2.7896494672938186,0,0.5780146827528577,0.7621729163312023,0.4748104121876382,4,66.52467957105907
17,1.8457920279861786,1,0.6747348948108665,1.083041028874503,-0.3141462714434795,1,81.54900780077367
18,1.3476811523496948,0,0.7107887826146153,2.363598685460825,-0.13668090754064122,3,59.12384403898381
6,4.598589588580049,0,0.47104720882525813,1.7456192446223504,-0.33930303743817203,1,74.67015101219715
30,1.746268096205223,0,0.9277357972384976,0.7005843641541055,0.04902277914050934,5,98.30332298888035
24,1.4481556086722094,0,0.7031988924639619,2.793489032713829,-0.9893999872047892,6,93.74297841226787
2,3.227051572055719,0,0.6336336388884883,2.5964563967565617,-0.5898448797010818,2,59.64917541551896
4,2.701745754465667,1,0.8153730285889418,1.8246000579527917,0.414460191288889,6,75.82040534027352
13,3.1303577302063434,1,0.5584613370569272,1.6356699305477491,0.09720623587630639,2,92.14651864238172
13,3.7382861915193333,1,0.4782484583346347,2.203756805559823,0.5204557197793731,3,100.0
31,4.718116576991303,0,0.9755188374665587,0.8107430587138618,0.4617349504072885,1,100.0
12,2.5169143398552016,1,0.8187844545030414,1.9361827829497797,0.6836575535165441,3,69.51487215631433
35,1.6570631917239718,0,0.46498422224549985,2.0843964093004432,0.8157322609250319,1,83.65462712861442
25,3.7319282536685296,0,0.6073944359991529,1.442361073562269,-0.07464042866078713,6,100.0
25,2.4214498072735835,0,0.6723002357817218,0.6665477809770424,-0.5419492181504073,3,85.23656829956091
6,2.331263143649937,0,0.5344339302599602,0.8481801816584682,0.588050378540592,5,75.28236155563928
29,1.6066995189310047,1,0.7948863228704213,2.4464298476268778,-0.7137440289030608,4,97.07151035352057
2,4.049834742962762,1,0.8282447043020815,0.7572900768603625,0.0729627029691895,4,85.01928939583537
8,1.5996697093950951,1,0.8055767978751465,2.300091341365186,0.2822952657705946,3,78.38548964548531
26,2.007196235627811,0,0.8787591794663547,2.8976869864100694,-0.3149514856429132,6,100.0
12,4.647409635371859,0,0.6541220752191261,2.02863558858662,-0.963779632358319,4,82.34196831974963
4,4.160338548496346,0,0.795067044019379,0.8813476072856534,0.15257672033362635,2,53.74379449962204
22,4.642744793022852,1,0.3792666320885287,2.9621029974058364,0.6777961728918682,6,100.0
1,4.479585448248513,0,0.4591769346139788,2.0197359844856466,-0.24138860322890232,5,54.095686392760776
26,2.3339966867645767,1,0.676176922056546,2.7996390410319014,-0.3073080112680775,2,100.0
27,2.8088717635592286,1,0.3229926691704068,2.781873657197822,-0.5035471144856962,1,92.29288254544166
22,1.8803888563243882,0,0.7644761604116974,0.9450899171743785,0.9221406349389103,1,87.43123506182995
22,1.3413986723145754,0,0.6515365072318697,1.9884625433001095,-0.865847045223145,3,89.66200856892875
29,3.499903948204209,0,0.711217522963852,1.2351116980524288,0.4281183995796565,2,100.0
28,2.924351793550344,0,0.8357493967463685,0.7574536983282888,-0.33127437737903564,3,75.81555220975864
33,1.1015454226413794,0,0.8878522016195993,2.6674844000288087,-0.18403100927031057,1,89.7091347426951
3,1.9242991863522856,1,0.6538555153742236,1.9876224492510515,-0.3214575082076181,5,56.75218389061881
8,1.3977655710373806,0,0.8055868522989613,2.6392411702657146,0.6604397291339832,4,74.88323717060483
21,2.625569233094088,0,0.9274350729647838,0.53250480877684,-0.8289829382910638,5,73.21579727769486
1,4.269774246953764,1,0.5351061000048846,2.5627683285566496,-0.27388157560981896,4,77.35477707997508
5,2.3807685795251023,0,0.6052885703947217,1.2361643988547941,0.8969066139243134,6,83.48429804139191
23,4.199421023789261,1,0.6393448570052422,1.781144139704804,0.4833738884573311,2,86.14623134072843
9,1.5574242962912965,1,0.5951927541872972,0.830690527813326,0.8011446024727713,2,69.05266150966916
21,4.260217713609828,0,0.4918386544810442,1.8854450062894834,0.30284077670372844,2,88.46310557166117
22,1.547542520275229,0,0.48654887535961755,2.330461446147656,-0.4985386788768045,5,70.18497604831376
17,2.6750820995682925,0,0.8396379639449894,1.5550901488767184,-0.2922572468775011,6,90.09993155396842
26,1.2729988214163663,1,0.50208561573949,1.3891817911623727,0.438091810368491,3,93.80981771117318
22,3.930288388841001,1,0.4889378556745364,1.8496069472704835,-0.6759722442168308,4,100.0
34,3.493330203619963,0,0.37461877719364023,0.6878444543395219,0.4563775124072067,1,100.0
3,1.3110613763158283,0,0.7862875295980987,1.1803628430749067,0.1804613337381742,3,65.35223729840472
17,4.80094941528321,0,0.6649104671894985,0.716763029655459,0.9163415860078608,3,100.0
16,4.396782606261278,0,0.9323546688452173,2.1166622977929084,0.38635042291384947,1,69.72614391218853
32,3.822300690062754,0,0.9995474496960843,1.8895164535929492,-0.053579763837333205,6,100.0
8,4.884232980661471,0,0.8567392865713681,2.3626613703005512,-0.8902347707070501,3,86.04589233057948
17,3.6006694017729126,0,0.4610061861013921,0.801417214443197,-0.8460935967415817,5,91.17906001625225
15,4.215907917603591,1,0.8535062153872743,1.296881257330175,0.2517827528740182,5,76.08826236894892
2,1.097603126226152,1,0.9932389193392439,0.5005938089397115,-0.6290541808465551,2,44.40714625596226
16,4.4947084567453555,0,0.8377913897051628,1.5444169554183345,-0.15728599544585964,5,95.05479131984505
30,1.013385448171917,0,0.5010672941578572,1.240770301139975,-0.5327844979001801,1,89.65289427293997
4,1.8730155514602567,1,0.8585925255003684,1.1474566290045343,0.17710845794649077,6,82.86530923303579
11,4.6148958687010815,0,0.41692376226445266,2.9779215653424416,-0.5366565972331132,4,80.24442299033537
10,1.187781428591252,0,0.45434034634912274,0.9660956553606364,0.5591689471335066,6,80.02417321610575
5,3.5191116919846124,0,0.9186501194743979,2.8193807079880324,0.9898156452928706,5,61.023479201179605
17,1.6155836253594202,0,0.45710840028566246,1.0595440370565576,0.07394884578682714,1,76.56328624165964
14,4.440507265671695,1,0.9142226038412662,1.164000106471765,-0.7409701574343917,1,72.6138184552181
5,3.940850618093811,0,0.5859172491494891,1.431721292530785,-0.4804924324793476,5,52.709856718590764
18,1.3241848636305917,0,0.3766282020381177,2.7361998274201684,0.9829506702900963,2,92.61204111633779
3,2.391236831608772,0,0.6806452355981795,2.6612322007683713,0.46781983790740345,3,77.8643285701195
28,4.402326916376968,1,0.41228007373105047,1.3350221968630946,-0.522619937397965,5,88.97427525176937
7,4.526548531081401,1,0.6258290061389884,2.697678700570329,-0.9897096584905705,3,85.84156098354482
30,4.6348052370774715,0,0.8725769168833435,2.580335444894355,0.014935467521672408,2,100.0
34,3.5360228123984454,0,0.8730755943498891,0.8211217952329783,-0.4333141034688368,2,86.78927033859595
32,4.360486010964875,0,0.7428353251937636,2.8300702637750437,-0.7949805440186415,4,100.0
27,1.6655103477290893,0,0.34714542102814017,1.9554261504406831,-0.30823388609408653,2,97.617350941889
18,4.486147224609505,0,0.8247562822200472,0.8252156003265799,0.5165263918580452,5,99.7111579837621
11,3.7331815064260208,1,0.4112567982937295,1.6713485419214609,0.8886072699156597,3,70.54586653198747
15,4.1792381949997175,1,0.45453872895213226,0.7059526140396067,0.3609986041494262,6,83.17710653361308
16,4.4294403683699946,1,0.578316078573956,1.1855380058716751,0.9679552959196565,1,75.09229034722775
15,3.9833480481238572,0,0.32179385801915794,2.129167063439713,-0.2629473125524777,4,94.45470512906483
29,4.106387411166967,1,0.8913482596818214,2.4025599773574973,0.2524406432628308,4,100.0
24,4.683391391262747,0,0.429821212273658,1.6552432269141515,-0.9975363296671482,1,91.39651962127651
22,3.327885607657595,0,0.7131847572199357,1.5831168724291391,0.9687028148058079,1,100.0
21,1.2897875511782355,0,0.6359571843019864,2.000051370298259,-0.41667484258139353,5,67.00577316515702
8,3.8971412325056476,0,0.37345112489272236,1.1051125396563186,0.9733251865342929,6,80.1986565235435
28,3.809859882176416,1,0.8430633150550693,2.853093760580966,-0.855167455707317,1,100.0
2,4.909865545259143,1,0.782625478396086,2.501466747772707,-0.5996995115103798,4,83.31196217022308
11,1.4968798669122374,1,0.32211030137794944,2.8405306156092247,-0.8960574326970552,1,78.50933336670577
7,3.6432804731970028,1,0.7182331038423511,2.459581383547155,-0.038192337102030294,1,58.65393499410573
14,1.3265199281223583,0,0.7152950538171251,2.125735464683635,-0.04144214284742542,3,54.33480677102008
8,4.487331115892484,0,0.7610954428506133,1.7454892911328475,0.11072710187526247,2,64.02498926174275
22,2.3292585014204357,0,0.9823552135027482,2.1258142158673423,-0.6009150981417097,3,84.53903085180121
31,2.663629464587763,0,0.5978453341136527,1.3648374813674073,-0.2579224740307946,4,100.0
32,3.352233512360317,1,0.8076803622905955,1.7166723535617572,0.7468464761633211,2,100.0
12,2.535388607471185,0,0.7420921540647644,2.3327825560382025,-0.7368646297454804,4,69.00478079721854
14,4.885580376166558,0,0.5891218222533878,0.6728319654665487,-0.12566922236634692,6,99.72197264084068
6,3.6084929821217515,0,0.9785886256347012,1.1453335817528187,0.3134733290825844,1,80.94872345082142
12,1.5234946428733993,0,0.6176526789685475,1.09012615836616,-0.8530065053399747,6,51.65532622641024
1,2.797735340854951,0,0.7320014906228209,2.2669430422136143,-0.6659161841981003,4,44.72826319414059
12,2.8985235029992555,1,0.7937699158785425,1.6159216162814638,0.7284323553483378,6,92.80737805510877
20,1.2067873489661078,1,0.38547693980701875,1.6304975707085883,0.8677500350558098,5,96.85019135353383
14,3.7528314634663817,1,0.9906410860711927,2.912796741090114,-0.9901200381311808,2,69.90704732702585
31,2.016898319589973,1,0.6421926061798441,2.1671606438652606,-0.7206974904873742,6,100.0
16,4.759279167707367,0,0.7714027033274421,2.924780115268176,-0.8121985684211632,5,88.5159536721881
34,3.646529401484587,0,0.9612299536318163,2.2081200707241146,-0.005650471983145389,1,88.22774163858797
8,4.458435343820147,1,0.3212709417877858,2.8273717387674444,0.37905350206312227,1,88.28820124129682
5,3.3087409468469926,0,0.41150121166996356,2.0123848067263523,-0.363776892763761,1,46.915351327336474
25,4.483013801349037,0,0.3633371867009355,1.2217139888265953,-0.7817807364685005,2,90.4146634919729
6,4.605502598353777,0,0.5220370017357789,2.6722515638514275,-0.24865549623654704,6,77.19758013930985
7,1.0230346419924863,1,0.5565230744099785,1.4904317290231384,0.39093441337972434,4,55.285549250247776
35,1.909078509052606,1,0.7109431953908056,0.921110962856799,0.2851519378943792,2,91.77113291592715
3,3.1694546599189533,0,0.6633572495953526,1.6979546940743275,-0.9487158683871286,2,42.58879145088843
15,3.134410186907514,1,0.8354182830794898,2.532464346790234,0.4362461524529888,3,97.80277396231499
23,2.7234483661521334,0,0.9286213842649909,1.1087057414407482,0.8540690895926133,4,100.0
14,2.9434870367453025,0,0.49941103137334597,1.2682249123157163,0.6060517956653269,3,90.99067853631999
16,1.3585053566197685,0,0.5799336447629093,2.941813096656447,0.6463480311913206,6,79.78452254964331
13,1.738340518148132,0,0.855385080703486,0.9630711163685242,0.8355049783427546,4,80.25408817097856
7,4.262994574017124,0,0.3303887729983734,2.082878438985056,0.902806684413314,6,82.82634785480093
26,1.8481793596329066,1,0.42234140997916403,1.4019312977764995,0.8117822095755207,1,77.05138498877199
27,4.122102060975447,0,0.8123706473099441,2.627935652131927,0.34284933906122883,1,100.0
5,1.6720568309794537,0,0.9084817372557368,1.6822299140829553,0.07071620368532172,6,75.25629144526599
15,1.9209846737114797,0,0.6826881888998491,1.0798677402899386,-0.21818800818897066,5,61.04067863710777
35,3.3881876675827667,0,0.5830231376730044,1.5704990373140368,0.43519553131635247,1,100.0
24,1.513577157816501,0,0.7222535871493605,1.343067831888551,0.8110495846593477,5,94.69386610996297
6,2.4199852233277492,1,0.6096869555364686,2.579657783128555,0.33920523226792376,4,83.76665207770715
8,4.5203163502458334,0,0.7760923517724159,1.0770729728850301,-0.0862827102392627,6,78.63661103046903
17,4.981921962817028,0,0.6256439285986026,0.650355856501963,0.12459363175581961,4,97.68961243577695
13,3.5398401823641326,0,0.41933455672174225,1.5236946325130099,-0.15462177320762094,4,83.24319299324812
23,2.5972636632372326,0,0.31401844914807714,2.3429505625181077,0.5371996095770168,1,72.56737900267653
30,3.0838319090881687,0,0.4799330865024559,2.4697549707306625,0.7293723840670805,5,100.0
2,2.523638102043949,0,0.9558704761217438,1.8845056017809407,-0.3889513786839529,4,57.73837707977061
26,3.402377333442469,0,0.4132349479464767,2.4656898918927364,0.14917476463553325,4,100.0
18,3.5118002110905433,0,0.6727368347915983,2.303555168321829,-0.7174439014489884,4,68.32376755498512
15,2.611920715060646,0,0.40765380476762175,1.0590360862407782,0.9146457757891744,2,60.75702586706547
33,4.691028762053577,1,0.7243770564256842,2.4120245022574887,-0.6503227454791749,3,100.0
6,1.5854959686489964,0,0.3852333377876923,1.6955850576201807,0.012215109693501702,4,65.26549519254523
6,1.0013300244819576,1,0.7337115684284807,2.1255027309953833,-0.6959502937427038,3,71.43937658705819
19,1.7671298223674423,0,0.34071465685383306,2.9871657929244178,-0.8844388780072667,1,69.50169059898441
9,4.130784162976597,0,0.4244364714958737,2.2290451389232984,0.23610334857437199,4,74.95402398045874
17,1.930582154250724,0,0.5143775345506282,2.0597395907290963,0.05408292782330326,2,84.70547883535221
35,2.4710374035091585,0,0.6371443925744036,0.942217862859636,-0.22584247932873835,5,100.0
2,1.5352149451179549,0,0.3134345937761397,1.1495330218625854,0.52057964624427,2,66.15710664613584
21,4.3372134638190705,0,0.4391993944427071,0.6615416996102154,-0.9147335814259345,1,71.34674688502744
11,2.8175093382398435,1,0.4862134946037665,0.8730944448754403,-0.7456004746251008,2,75.49925037521064
35,2.5035531405830773,1,0.901695662152862,1.4809843038211863,0.9124443812978966,1,95.92603788088759
17,3.634768584829774,0,0.7816942942605795,1.5940078101384798,-0.49065875590789765,2,92.17922746373162
34,2.545395639393262,0,0.7456687775170451,2.0348339619001545,-0.8666959188786201,5,90.89758853554677
5,3.9497350748859423,1,0.6102911612105327,0.6195770509852636,-0.9239563035250902,3,74.85823116212515
11,4.882999830682681,0,0.76295942774929,0.9629889196686698,-0.6517813293318313,5,89.2003138888296
30,4.322137825619359,0,0.4855324998275028,0.552362402577282,-0.8356566650471453,4,100.0
25,4.90396339839517,0,0.30729938957818215,1.1385337117130487,-0.4785734001601669,1,76.75085403023397
25,3.1212085329966333,0,0.5255508524112398,0.8130839260820678,-0.051327780187572225,2,88.27238064669
16,4.24707915236055,0,0.4096469058816658,0.6093390646999237,-0.7783840756403859,2,73.33982665036964
9,2.4886680953500533,1,0.6850643583207092,1.4716319965746176,-0.672632397069397,4,76.4644050106924
21,2.1436271569566405,0,0.9154880619984866,1.1460790507295453,0.08803315836550318,5,95.13037811916266
8,3.99276762391599,0,0.4264162187227106,0.6346455174950654,-0.35988033495803307,6,58.899438855737074
15,1.3674835508401788,0,0.44945795641747033,1.7646317323795726,0.6814060560224,5,77.56111314904284
33,3.03344218766512,0,0.6955153950013113,2.2222132551252267,0.7466458317216154,1,100.0
16,4.2470088674628395,0,0.8085232005791034,2.9795248783734087,-0.8016438008255682,2,92.96080990664206
25,3.220339797209145,0,0.7304847682387926,2.219710274699788,-0.24948019111466735,1,94.19376533151919
12,3.9829351309249286,0,0.9706514360835661,1.4198518782552112,-0.3461367673238418,3,74.66490644506621
6,4.506603047312803,0,0.38729983983797334,1.4634397076184045,0.28673035982356865,2,83.5070742693509
21,1.0075195340996426,0,0.3022527845229951,2.048973343649602,-0.2890139791172852,1,77.11310747506869
17,3.352809067793562,1,0.6570767987491777,2.3085119140307158,-0.7917252841594251,2,81.27584095583904
24,3.705871748905449,0,0.7215019508367366,0.5573320281701051,-0.355783991541629,6,83.9006494451677
22,3.781662593312213,0,0.8494278839780272,2.269202336852289,0.5772299293448129,3,99.82948861476302
33,1.354401718718469,1,0.3437795588281579,2.5034172895487976,0.5331770479432867,1,100.0
33,2.684992213176288,1,0.6473164688792536,0.945631167261604,0.3718225420997274,6,100.0
10,2.3380451549677286,1,0.31693423472394866,2.579242609189434,-0.4538583800543752,1,61.380732641009786
19,2.037187035463095,1,0.9109111753392212,2.604833916979522,-0.6277971643074454,1,90.97811643777594
6,3.5246825838268254,0,0.9327393311822623,2.7734754800209904,0.5604261268602047,4,74.94263814773852
31,4.690492232351159,0,0.9696302347584205,0.672395040891053,-0.8858905576974914,6,100.0
28,4.148506410406416,1,0.4903648082900417,2.3984956560449096,-0.10052031509892001,5,100.0
9,2.9502847746935372,0,0.33255041050804585,2.0492486004985393,0.12398569493361355,5,78.1853287033638
6,4.59933338274909,0,0.8127141122866628,1.8708014593160605,-0.7440235829328272,5,56.20559659607709
26,2.6751732762966456,0,0.646136791906565,2.9488771009543924,-0.7100698552403659,2,97.26606654319298
25,4.7881439509548915,0,0.5446544604607731,0.7852394622198334,-0.6975063425301309,4,78.72153635678097
7,3.73501642230817,1,0.6663736379620564,0.7869221796730437,0.7202793866988699,2,63.40045576733152
34,1.326901382987113,0,0.8928431096619918,1.5715763674261893,-0.7180807449564615,6,84.74638911202292
2,1.390250040957199,0,0.7556814270056679,1.8635796735172636,-0.8754537882362288,6,38.067049760169596
21,1.6588254137291836,1,0.8297260539820446,1.7984646487598432,-0.5902374516985749,5,87.78168123491243
28,2.0219733786224188,0,0.6921275808624383,2.376823767498368,0.11596147756527975,2,77.85562462561673
33,2.562913462454453,0,0.3738315899696414,2.1419502618107353,0.644206321200451,2,91.40344246677981
5,4.857906615603246,0,0.430706307041129,0.7350902610856659,-0.2866580517164705,1,69.31965042948151
9,2.5838818906498195,0,0.6641333662760881,1.6190073508005425,0.1156403838584028,2,64.54632691516417
16,4.428717027995011,0,0.9280304386752332,0.9221355166942153,0.01410220773088211,4,93.49472061449407
32,3.6171702092998474,1,0.5192133963720976,2.4964831809568784,0.9355117542067777,3,100.0
12,3.9589213283421625,0,0.9769886306814193,1.5444024481877492,0.9682206380729956,5,97.77904228164478
27,3.7474439907001162,0,0.6691797354858734,2.2983840559228965,0.7805161060356043,6,100.0
35,1.7496477763903289,0,0.8733444597031592,1.8519843874638608,0.42048559724662304,4,90.85692323920472
9,2.431193061301767,0,0.8734785734100228,2.699554784879238,0.05086982509138571,5,87.01311097056703
26,1.4025499140941333,0,0.5940831094934074,2.763399685694676,0.47934260145352736,2,71.73897914829149
22,3.9522764933540686,0,0.6299010171787152,2.9477623450378863,0.2682842765914737,4,100.0
2,2.2596783544518706,0,0.348748803713684,0.9372035929398985,0.7114745178115727,4,67.61089078735715
3,3.776602294039324,0,0.45087090815393227,1.4009445498258688,-0.8629891867460409,1,66.68560159510201
14,4.614431377387181,1,0.8362453435747117,2.4711183581332468,0.3299698069519905,2,82.33114153163898
23,1.67632428142397,0,0.6129388806644978,1.6508956780048156,0.72912721904534,6,81.92967099395084
19,4.907201314042638,1,0.5957838998183612,0.6050616879285132,0.4798082415338607,2,96.07583134753983
19,4.891105291568343,0,0.8277733325177488,2.5122669421035964,-0.963986888799091,6,78.96237075127118
19,4.491015358264512,0,0.792580184222557,1.8517461916122757,-0.8069310596091184,6,76.89350945218338
25,4.298139232348129,0,0.5080664653960321,1.2497977787674617,0.4863863974632068,4,100.0
28,4.409055497564726,0,0.5312856027130417,1.3510146083739119,0.9780567167003478,5,100.0
11,4.98175006476524,0,0.7013445419446526,2.1470626753501763,-0.4953855003211869,5,72.10351683165538
33,3.950262996371307,0,0.9367387736056145,2.173000657345196,0.6585735986335111,1,100.0
12,4.642706317740558,0,0.5385709898528925,0.912061688366905,-0.65883617688582,5,69.29398938244397
20,4.155209055621438,0,0.46620342786236435,1.7809094438644766,-0.7915503943833047,6,79.90183397960358
34,2.8915885312436194,0,0.6543862416466419,2.0852600784408284,-0.8581355677324531,1,100.0
17,1.1590638599542782,0,0.3319541218516686,0.8500602438832943,-0.44637138441738844,1,51.322238179399456
14,3.443120284303073,1,0.4448948049068987,1.7914315711149476,-0.9889884016791584,6,89.756054127456
8,1.1468854500032846,0,0.49943561507167256,1.6571298875396265,-0.12292302292512902,6,48.47360427213505
9,4.266728701802872,1,0.7319465612824609,0.7845959836915035,-0.30955371439661583,1,72.72587955327543
13,3.701680830188357,0,0.6154179132881937,2.823566736182785,-0.6695921213242997,4,69.4832424731819
12,3.6984314116648647,1,0.8766532689549063,2.887651278712472,0.6423965651004531,1,83.8968849406167
30,2.0304288813348874,0,0.328391116281277,2.6789943182205764,-0.4866115433799083,4,99.68430320934162
19,3.3852860754414733,0,0.8258246334658927,0.6775191613331386,-0.8396399718361931,1,73.44170463949357
2,3.674290586891656,0,0.7525150630872248,2.7200976609002945,0.19738480463819474,6,83.18371432724368
6,1.482233665614761,0,0.670994066048493,2.5725443313637277,0.9825264534672664,2,72.71195906035251
12,2.180162830616625,1,0.35907466638117963,1.4984218709867274,0.8202692735642685,6,91.16782117188104
24,3.6091665943677587,0,0.5711748099680615,2.629603092184869,-0.1922042716597525,5,92.57703936427382
9,2.2252539951128507,1,0.7131998800672117,1.0656977705355795,-0.23152075972523734,3,56.41795327883286
32,2.4846896937505103,0,0.31919421698086037,1.4824355633632282,0.05162519774664753,2,100.0
28,2.72211735384883,1,0.33134491535326777,2.4047670503310385,0.8932888679870925,3,88.64498189046573
31,4.1668810370453855,1,0.5178522465443754,2.1928015993375234,0.2115584989053807,2,100.0
12,3.2387537793517596,1,0.41715181319703953,2.9300631412414777,-0.5430265064904585,3,70.41755190020837
27,1.83545628282296,1,0.5715907319628086,0.9000623411579851,-0.9532958073436282,3,97.96646289853952
30,1.5201911300445548,1,0.3812972721403679,2.889797072388298,-0.37206656524529436,6,100.0
29,2.153621751274983,1,0.32165635131193937,2.92685538419312,0.5470777830691278,5,100.0
13,3.166819249640016,0,0.4728351986673099,2.5963730372570706,-0.2876287057648117,2,64.82846809129619
21,4.865669543465629,0,0.6813793602816307,0.913105126106508,0.16596885232920489,5,85.58320046887566
13,3.5049372856842553,1,0.44511630223129056,2.455970823650218,0.46915584624282647,2,98.49060904344759
19,1.805248431289733,0,0.4035889031560843,2.6313944547538837,0.42176943336463824,6,76.18981386119638
27,4.637818443748968,1,0.5474225183827477,1.6461660614231444,-0.9240368734202931,6,100.0
20,2.8671283089247517,1,0.9608294656777785,0.871989923512789,-0.07464878986921297,4,95.11097085834092
32,2.967724400422916,0,0.5627309355437213,1.2144588888146755,-0.5935538178278255,3,82.7643069635403
14,2.8239171030397476,0,0.879263245474412,2.411319486636794,0.1470579029111465,5,72.2548989104079
9,1.237886275469123,1,0.7481388180917365,1.2460872809046917,-0.5192352226010324,6,61.436877184188084
31,3.936119050357225,0,0.633790427822472,2.2193051060764017,0.4454139153964569,6,92.37512338452174
21,2.434862101668054,0,0.5333851255113773,2.3326279746499834,0.057156219444394196,6,79.45621928602695
7,1.176647744711325,1,0.883901217900473,2.351190329883798,-0.7142994253983228,5,54.80138793553601
1,4.383685758710929,0,0.373082890823657,1.4977504701843076,0.446298972929259,6,74.81648126566606
35,3.1965213451086907,0,0.7039284651233375,2.2443906901835735,-0.9878225035203219,3,100.0
16,3.726994576360645,1,0.6504369876492924,2.4862888612268716,0.4141729545333963,4,100.0
31,1.9295372922241913,0,0.5809142169537984,1.2312877276768546,-0.6953408210709291,3,89.87289124023442
29,3.3330299698244623,0,0.45822029847119977,2.10119010543961,0.9579622303496178,5,96.63752173372927
22,1.7513714101510964,0,0.6521587655458854,1.623374355099105,0.17172957690703838,6,91.26510709796176
20,3.7304688848936096,0,0.7997668427546127,2.556336985960492,0.6079170151050406,6,100.0
18,2.6057825236527745,0,0.3936798540997852,2.0738942422293416,-0.8913359303541923,4,84.2344765308442
15,1.4109930098096934,1,0.6577903974660608,0.6171297713190078,-0.44766088435820106,6,84.74186377976268
11,4.306858639724073,1,0.48927530046916784,2.606779755401387,-0.37330416482971374,4,96.99436833294735
15,4.77193526726417,0,0.9369602006980744,1.4432951349079821,0.9281568329802163,5,100.0
33,4.720683861753699,0,0.7926999641440318,0.5109081741257727,-0.6660938225056026,5,100.0
33,2.1137576330017382,1,0.9655408954119367,2.2563512538370176,-0.4038955827211137,5,100.0
17,2.4402018636039133,0,0.6502808019971409,1.5818228400492615,-0.08460078968141205,2,67.4045146126801
7,4.070270514071673,0,0.6864485552573645,1.5394937517186253,0.4393076332210608,1,57.498634517422
22,1.8629627167058165,0,0.7254264855769057,1.238253693929582,-0.7267981926976548,4,91.71087030169875
3,2.2625093750534,0,0.33653904033148013,2.205484701566526,-0.06369171739793922,1,60.989747085978074
10,3.1752229114649495,0,0.7816311106852096,1.1047222088853648,0.8221374055347672,2,74.8061459513147
17,1.4974735960020409,1,0.32199527505789105,2.3405010626519047,-0.33951444132718933,4,81.2183163825167
25,4.853996963550353,0,0.5783533057144252,2.4057725800548466,-0.09016222098482585,1,100.0
28,4.904055293116855,1,0.7027487822760892,0.69096236247864,-0.23483935285872914,1,100.0
32,2.1732344431222588,1,0.817318590451571,1.0581584637629908,0.2837199177107108,4,100.0
13,4.896777775265429,0,0.3165164752518704,2.7464015116870986,0.5663968265972519,1,95.441216028872
4,4.597820850184407,0,0.9561649067150244,2.0082295142873576,-0.0531982370101749,4,70.29826655491816
26,3.3288350390729247,0,0.9599070233658786,2.462973857871021,0.9826558031284411,2,99.56411259855317
7,1.5632117955707043,1,0.8930361073235071,1.2878675978313832,-0.44752535004969385,5,77.95491935297142
8,3.543818828654914,0,0.749973240360122,2.5246504684014655,0.8947904991728937,6,95.24894394686478
31,3.83088540107011,0,0.7830675907664904,2.8265170121163425,-0.0053751076620551785,1,100.0
33,4.831736484227082,1,0.8327618142167128,1.3856694121026165,0.8981423926296879,6,100.0
18,3.1874385639005047,0,0.41602484587410915,1.6138540968547272,-0.5816290691841444,3,86.12574287483949
17,4.924770116656463,0,0.8976494451932668,1.1049428257926135,0.9212539510263995,4,83.51056066755612
26,3.090158866928213,0,0.48167924822326325,1.5924897141640522,0.18712187075757192,6,97.58345864821075
18,4.924711347049178,1,0.8805741388709587,2.3303065171073896,-0.28991788709608346,1,100.0
30,3.873324701488016,1,0.6207642552749837,2.4533721015360155,0.9203355694574908,2,100.0
29,2.9955826581437677,0,0.884785481589488,2.4610521450085443,-0.24602891614743982,4,82.26845719063265
8,4.23310175822375,0,0.6000914146905034,0.5729244091131611,-0.03821970679398201,5,58.02182587416322
9,1.6152280985664311,0,0.9436717172592348,2.98313753855741,-0.9101774020087683,5,63.778930095192045
30,4.673705728581634,1,0.6110557444690601,1.1888698480487085,0.24407912474198756,5,100.0
29,3.256296115334071,1,0.5909227271351348,2.6181791693046486,0.8044728069244762,2,100.0
11,4.007088692156373,0,0.3252131728039985,0.9380544302645684,0.7335407090120005,5,66.5960501557323
29,2.7255225950962987,1,0.6943272494231326,1.5687545783202792,-0.34732313813602556,3,89.77131681740383
7,4.383398201839871,0,0.5936135957701194,2.4509137575172044,-0.04732853339780241,2,76.71790594036052
29,2.0212363060157266,0,0.7156617365667308,0.5820240603215211,0.27208493755993657,3,96.61064483480544
1,2.6376482872680733,0,0.8787227376183728,0.6191031435912665,0.4534984483363933,5,75.18850113302392
24,3.618602747463818,0,0.6609615840995173,1.658234133181992,-0.9091934370626149,4,86.60516033576808
6,1.2185376800038892,1,0.440392175751088,1.0089459438659012,-0.9798187866219505,4,50.48760041037778
22,3.9173791763519854,0,0.5170591768399285,2.329311841410532,0.28127118560517306,1,99.69828733038385
30,2.3011805360921245,0,0.4769695242624404,1.1785964440855006,-0.7492870484152288,3,90.32178198841979
16,4.016993038728323,0,0.6797297024238592,0.8740036238173814,-0.23862063767826847,2,61.867604195781716
32,1.1696891928275668,0,0.5531971784017065,2.8730215671762807,0.26431899837291484,3,100.0
1,3.8339587899711893,0,0.5584965391508787,2.83231215642418,0.6550126397464424,3,68.82454420766453
17,1.1234316172322898,0,0.43666842206954437,1.3633548806122195,-0.3287790914603146,4,81.1720860056759
3,1.475497564708288,1,0.808939733130773,1.9051819860064276,0.8941813342170382,1,71.67316939638462
32,2.5489490847123837,1,0.5690485269668943,0.5629835348980734,0.6779946554360214,6,92.99438094245617
33,4.881028438904228,0,0.46448138349716694,2.2621775251084544,0.6342562840311703,1,100.0
6,1.4739694350736023,0,0.9667269816814927,1.066818455824908,0.7586820403530561,1,65.60980097904282
31,2.239151436836397,0,0.521584765687509,2.5410269624125768,0.003030922959467608,6,100.0
16,1.651260198707455,1,0.6842010655541491,1.2190818226091955,-0.3864468009557176,3,84.59870505067614
6,2.336199862675077,0,0.9145891478893844,2.013761916539691,-0.5057368906772162,1,72.30866739794253
5,1.2884443717177407,0,0.9611140078860123,2.104335993246395,0.34295829733441385,6,63.69298091280329
19,4.1410752460640605,0,0.9932532473988602,1.3131347648113798,0.8825448964837033,1,76.1626630160731
10,1.7174587280488418,0,0.6834492860683236,2.94739376760276,0.11099084821172034,2,51.519745775521265
20,2.690914547575729,1,0.663792984026139,0.68510554478087,0.21096533842880927,2,73.61524288900671
24,3.6270242538982282,0,0.4007593395005616,1.9883991531465102,-0.6557787943544446,6,98.29143811298711
27,2.721498998763173,1,0.719331211005267,2.059121945725665,0.2970096402373763,6,100.0
33,3.6882241550090136,0,0.5190351759495537,1.1777406344101644,0.19533656540540623,5,100.0
1,1.4682641656966746,0,0.40838002881840385,2.861840646957699,0.47307045666958514,5,74.22776890438594
25,1.2019557776496317,1,0.31077642418391593,1.9573151420106578,-0.4937969216407825,4,78.95893641209871
1,1.8819347738932164,0,0.8878611246650987,0.9713515143731278,0.34492099605005766,6,69.29630781155193
35,4.560228101861011,0,0.9401840646939912,1.585052431771897,-0.4825767156891181,5,98.15201190163509
27,1.036216646321484,0,0.46042036584991347,1.8671899146901114,0.3413510507646511,2,90.42125197399548
23,1.2000743072844489,1,0.30962188780794164,1.1209406509245006,-0.5711870340136709,5,95.86049409727644
11,2.8357620663872813,0,0.4507410669677868,1.9927394254667994,0.18960642935557925,6,75.18346192231942
19,2.974003968617633,0,0.4401974125073381,2.041959019631353,0.48576298733587797,3,98.59580421862172
17,4.68306643385343,0,0.8598031347754027,1.3340169725726079,0.7303866947956221,1,88.28124813245782
15,1.2560253864344837,0,0.6500560827901078,2.462744285239269,0.19769080015887797,5,81.81957696147798
22,3.010524970520522,1,0.6437670105682156,2.817776572146068,-0.7892135637843896,3,91.1783998025855
21,1.6418504570849057,0,0.8505656676735929,2.856328268800292,0.49355327906743596,3,90.95669002534574
19,1.4417274536444107,0,0.30557508332181577,2.8114026384420123,-0.11338698096564936,2,73.7738172689213
24,4.157171393278743,0,0.4512420813713365,2.523310995713156,0.572715466122963,6,85.71054341630936
16,4.505277732569246,0,0.9324909104027712,0.6941019399719532,0.6577425525059173,6,78.83682806360345
17,2.379125680290588,0,0.5901612453717546,0.5331275837597764,-0.4081142222826868,5,74.52633030260021
13,3.887716910062718,1,0.4607187125277781,0.7938782503755499,-0.6694310197140851,5,94.3652129593101
30,1.6454512042215348,1,0.5416609675689807,1.5355023139295758,0.46482772962533714,3,83.32411770244619
10,3.538557025949522,0,0.45565291332371916,1.7980614269505129,0.21550536619130511,6,76.17744603118469
19,2.3426953321562385,0,0.7003385426954205,2.9656166798785035,-0.17052834606505796,1,86.55426386231433
19,3.7159139721521677,0,0.7915022673272806,0.9292347692636239,0.00022550415325395257,3,85.30983880875486
13,3.78650908486956,0,0.3820427339761634,1.3430164389143802,-0.7143160703713363,2,79.11697402726107
7,1.4571430799919178,1,0.926972344333145,1.0107909584974257,0.015610127917558225,5,77.61324413833448
15,4.5424790569670925,1,0.7820421405155129,1.1331809588067876,-0.9800424466831013,4,72.18173849975044
1,2.8602209932025775,0,0.8903283174515182,1.7127366499488503,-0.3327432083262687,1,52.504330903583345
2,2.6182746256160696,0,0.30935737828157694,1.5243480911073477,0.2955484659006842,2,48.33547620861088
2,1.267894448101086,0,0.6354820629401763,0.9543082330703913,0.48616307926276026,4,60.84958775923699
2,3.053472840899662,0,0.603430562928944,2.992955884757376,0.11811856989320435,5,58.00976008043493
19,1.280014048532263,0,0.34809957440677264,1.4239354985669328,-0.07152296052155016,4,59.59342694568106
30,1.8706695983221442,1,0.5612688094654636,2.0799717009904723,-0.8092567954538827,1,96.83979501620857
8,2.704283910504388,1,0.8473719840105713,2.3793674809896013,0.6060041439156743,2,82.20026065759716
29,2.5464806905353368,0,0.4364826399302024,2.7260237930483213,0.4999555969041416,1,92.2531349373927
31,3.3886212239612075,1,0.922389546758007,1.9470168862798514,0.2647826486567748,2,92.18225688416663
16,1.8090167220981397,1,0.429760945357758,1.999428287426245,0.7230274144537872,6,71.64131481828024
11,1.7516815232612921,1,0.7092676631160773,0.834126453526295,-0.11228162315739776,2,78.11394429079729
3,4.756273917801167,1,0.670107093368905,2.564794268290076,-0.07377057232497708,6,85.41698429923237
7,2.0585401077014294,0,0.8437533383850588,2.554119832404428,-0.0769541448227864,6,83.56286385670766
12,1.602432412873096,0,0.32180436495537373,1.148941123187623,-0.932647192251072,5,54.762172468337404
15,3.229348678292032,0,0.9006842759757725,2.459430972543123,-0.14203013631821904,6,98.56421355354148
13,4.301662656495792,0,0.8236033154599824,2.531784049732655,0.4136757115610823,6,93.98688066414296
12,2.3065569977036438,1,0.8646655371187715,2.645058177518073,0.995256594804313,3,92.30333025783892
30,2.251111956841416,0,0.46241272621616747,0.5359536151802126,0.5287067728728547,2,100.0
32,2.2358239602726107,0,0.8859837394814565,2.0488155000907584,0.12679070142528026,5,100.0
4,4.962716628263063,0,0.6096056638157947,2.2684925000823193,-0.22153905661642304,4,62.7810602862279
23,4.712728392455806,0,0.5393336946738432,1.8191936655542373,-0.5767282028602776,3,100.0
25,3.016015054385304,1,0.8829823313083529,1.4060783065395728,0.7272828425932321,3,100.0
5,1.2175629940892447,1,0.7879950641242663,2.1215973919220388,-0.44942357309627967,3,71.03374640779408
15,1.816666236672972,0,0.6186203942135595,2.1694014790078824,0.6747341595403014,6,94.39612741861764
20,3.741581373784023,1,0.7267881976068311,2.2490989240553043,0.6763099499772851,6,100.0
26,2.6075487995629203,0,0.7008250630174157,1.192531310814947,0.8426150244259509,2,100.0
22,3.8105608234329154,0,0.46155625774857223,2.7891805806541248,0.23262898446579272,6,95.25086240665752
27,3.949704343082709,0,0.9192083050448314,0.8130513987920786,-0.598894044309467,5,80.30801408564271
17,3.490522134394632,0,0.7332940952890117,2.8519332492237526,0.5518230656146119,6,96.64818588520704
12,4.267895629087347,1,0.9565756620037258,0.7127587152994634,-0.22880481497333327,2,78.41149574649093
34,2.899803861054993,0,0.4879935172175498,0.7524452670444027,-0.6650178218117846,5,100.0
23,4.193172788836747,0,0.4537947532739802,0.551302036823313,0.6532366910049774,4,100.0
13,1.2502593688778063,0,0.419080792116497,2.745595159883088,0.5536066642797759,6,88.87753448489038
28,3.468875223511603,0,0.6349472813791732,2.4513900672180347,-0.3927521237123195,3,93.77925742464483
17,2.7669859665508283,1,0.875666847829748,0.6424468174934207,-0.16278545016334012,1,81.3124986863606
12,4.1081971426070245,1,0.5197128477057293,1.8450567634097574,0.6802161568783998,1,71.92341404200832
20,1.0632926879872833,0,0.6425747761846121,2.3541036295901057,-0.014861858493404823,4,79.64514347182954
35,4.198871654474878,0,0.7889714376463959,1.5403634191015168,0.027701469153195823,5,100.0
6,3.2709092717242183,0,0.6590279388631666,2.6740152061869438,-0.1944483335342002,4,67.54318826398938
28,1.661209144551845,0,0.45309686022650825,0.9570944496720428,0.651421903121334,6,95.51378836425816
8,3.2350637784975906,0,0.8499501724703891,1.1319961100394325,0.8777899200825501,3,81.55280485428743
5,1.700492560521413,0,0.3176661420937849,1.1316150765532167,0.0401481222223008,4,57.45077855437441
22,4.006704688091677,1,0.8548163692463941,2.068322337726695,0.5005315278776845,6,100.0
17,2.17579640406759,0,0.9445177552398447,0.6001477976267362,-0.41707817301241223,3,57.503852502092556
13,2.8722762169371605,1,0.8407614002555828,2.256220853971172,0.23050730656482799,6,100.0
13,4.077795576328189,0,0.4194958543187361,0.5761592157724003,-0.5911032550714539,1,83.64571913940757
19,3.4605165621647993,0,0.6278311301536694,2.433881854662218,-0.7531983695888071,4,91.16646759272481
32,1.1984574933553498,1,0.8413667334475747,2.7874146626949217,-0.6217217999540308,3,100.0
11,3.2738595940317596,1,0.4475470145482817,1.891140514563641,0.7129868055251471,6,87.98187526084264
35,2.6743291421259565,0,0.32107271054792325,2.9037308114352802,0.33573581340162684,3,100.0
28,3.389169681413877,0,0.7749499778048464,1.293874250643971,0.6962184700312601,5,92.12819536654638
13,1.0411379837427681,1,0.7943723137886836,2.0567238523744935,0.9802176921737316,2,68.9030061677293
28,2.0441941049393924,0,0.9941872513607162,1.8525072473191564,0.969691487934188,2,100.0
16,3.840530562258149,0,0.5389976887230088,1.621947009986537,0.8264653608429127,3,69.57904054802113
24,2.883841009738934,1,0.9333364391760826,2.118791162108408,-0.45391876134438647,3,85.21217145294075
27,1.2224220867218425,0,0.448713094036831,2.1588089847836307,-0.17760502223490837,2,81.64080690071235
31,2.4270748464930905,0,0.9364226848375099,1.2846951912875682,0.3821116254785235,1,95.88280104803623
21,2.719830479119287,1,0.8757462545031589,0.9333576324382021,-0.028365142174737068,4,91.56081888289548
15,4.799598672984304,1,0.8137181915617788,2.0805953771696526,0.16721007401619947,2,100.0
23,3.634645419759068,0,0.37409726511453617,2.6825484850742902,0.04628604139433046,3,100.0
10,2.3071788234311095,1,0.35791382773656955,1.1348444298092404,0.5599766538210886,2,82.71589452948368
29,1.9051010032663993,1,0.7163931656513367,2.3471666928325816,-0.9351131079056261,6,96.75618542127039
26,4.157969193696209,0,0.5074503294593018,2.84578932162829,0.6374804589681016,2,86.45338554265219
31,1.2110610314384105,0,0.666510539655017,1.0456496817343237,0.9788635315592631,1,99.48597157509553
21,3.9807179814784575,0,0.6341452786856809,1.377047773337539,-0.2748804068818109,1,91.44699407741301
17,2.433338626686695,0,0.695981720498704,0.9566809605991704,-0.7208022652803998,6,85.42529515884537
31,2.2131435633971317,0,0.3117294131446677,2.1979978780029237,-0.846863483132922,1,99.64775432465392
20,1.9990886497860791,1,0.7594867224504598,2.9278772684207146,0.12437762212905024,6,91.85502482801144
15,3.4511833421460416,1,0.3308282655719251,2.2333378843367666,0.29647179476419394,4,93.38180643432918
24,3.4473240804128857,1,0.9294822512472827,2.905653616522892,-0.11176950700733546,4,100.0
14,2.1123980602654258,1,0.6894296050799555,0.5728879650552225,0.8144978887128116,4,65.46834088046565
24,4.874698422297429,0,0.5191351015442027,2.591246226545084,-0.8995711366190895,4,86.22076747103085
16,2.612842532735291,1,0.5203780805461542,0.6076310067891715,0.5619277272888705,4,96.80848473434365
5,1.0322364133684792,0,0.8912661363631569,1.5782542658525365,-0.24191902923392994,6,44.87793726079801
18,1.998012318730967,1,0.6598668097858817,1.27117070372371,0.14608440123803135,3,74.67334640998921
32,4.86298883927899,1,0.4637278520305424,1.0272155692019704,0.7143833141191773,6,100.0
22,1.5296184539858184,0,0.8483085880692334,1.164821126580297,0.9806646075872967,3,73.06941390647924
33,2.723935607683288,1,0.9569708484311912,0.9529581976252071,0.24550680647968215,5,100.0
23,2.668773674258306,0,0.39135088488202896,1.913549919019356,-0.11549544696088176,2,67.89298627380637
25,3.6468747305758265,1,0.5349362910845382,0.6920186026732031,-0.5300114449306168,5,100.0
22,4.898762384194206,0,0.48516106279218674,1.1997316306160672,-0.44456182529831234,1,71.33321598198414
35,1.114609710310618,1,0.9627292246215922,2.4540386979909976,-0.37258697589586953,2,100.0
2,1.247542806721901,1,0.7966072052437823,1.1787300063567783,0.8084865828151302,6,81.0846614584007
17,1.8871279127692744,1,0.45825534970739384,2.543263280533092,0.860796840338651,4,88.8546621179699
29,3.5058280787077085,0,0.3584674402760131,1.0278148563950935,0.5049366751729887,5,100.0
3,2.937564742403397,1,0.4129571508718682,1.929989695708982,0.6108646585999726,3,68.12897922920799
29,1.5969978789658956,0,0.5425911318715833,1.5192894266630632,-0.7488688427254973,2,94.20947364470275
19,3.788654768551922,1,0.7490531368793761,1.1495703448507486,0.7721722176270327,4,100.0
9,1.919975015852962,0,0.7536735241738863,2.6877951113951175,0.5810410205433469,4,58.598369917842184
5,1.6252678828354434,1,0.5523321535990877,2.178177063072831,-0.45871211603646866,2,45.92832325044589
9,1.6248060317223971,0,0.38209610346031153,0.9226544460992907,-0.296389987179295,3,48.123823842280785
31,2.870724849939508,0,0.6040530486988523,1.6161048044913717,0.23754415408201002,1,93.77722369962922
31,3.7563506149929187,1,0.39042211167017726,0.7488662820219378,0.20638433122933497,2,100.0
7,2.012105363681013,0,0.6581470077633098,0.6525178575134872,-0.4243374022967883,2,48.22586062009105
12,1.6071016394044082,1,0.7159692791160179,2.0078753003073677,0.36506491907544314,4,78.30504726623477
25,1.0735445686063891,1,0.7846480143080898,1.0833320566233167,0.2506603399089078,1,86.99051207631777
16,1.849335897147565,0,0.8946124843580148,0.6124920530885609,0.4683025180832925,2,57.14512597597518
9,2.861347735757944,0,0.7359125976049833,2.5168939094728153,0.684031323013488,4,88.98976900222893
1,3.691388533954179,1,0.42225303012743065,1.2398300735915404,0.3276489497054502,6,85.28356770281148
24,2.451014401596608,0,0.7206384039613603,1.3523964285888956,0.8345361331553613,4,94.13965576933536
6,3.858875334008144,1,0.8087871817337662,2.46192420456247,0.9888305351177469,1,87.42553536172807
3,2.014542222056153,1,0.35716709310206735,2.810717676986653,-0.3483530784590305,3,61.91748557100974
31,1.1698796370261326,0,0.5264712887398441,2.162639972516578,0.11315685700430667,6,100.0
23,3.915756800420629,1,0.5091480097379761,2.728000182659006,-0.9727319521883571,3,100.0
28,2.017925326473041,0,0.36446912793971287,2.5381908277264,0.7888087772970145,4,87.61155640188271
25,2.5361705535644017,0,0.7249946966185038,1.4718158696913668,-0.5194017530992665,1,88.45345111611392
23,1.3241544418602271,0,0.9911353110056822,1.6102588922665466,0.0637435330100331,2,72.25520744548767
1,2.610814883978241,1,0.7775341824785691,1.288098586623627,-0.7335801517267426,3,51.35035193847294
5,3.3139700329173203,0,0.7008499971809092,1.141858740774395,0.6081913392671856,3,69.12371042531734
22,2.2301191819618253,0,0.8575559638065959,1.0813533290521375,-0.5479336064226958,2,63.52209242423455
26,2.192302602099291,0,0.8400584433989413,2.1297521639061516,0.6648343668205055,3,91.94180282560255
27,4.7301783574098035,0,0.6486909604836297,2.223276030256726,-0.49537614586062584,6,100.0
28,4.591741173774947,0,0.6813405588879522,0.8392207944806982,0.7872705066922674,3,100.0
26,4.081788884295959,0,0.5510351073675139,2.778347975196577,-0.9581317643465335,1,76.92284844043073
4,2.5837489047837994,1,0.7732735180700463,1.2680974046193012,-0.2599509517143681,1,60.63742959964431
26,4.263077618540429,0,0.35370597879701965,0.9151313037038409,-0.8777906647607354,4,99.6296239042002
3,2.8069579039257753,1,0.5804929167841266,0.7878654459880028,0.7665472028524476,3,70.55000882770264
23,2.659841744318722,0,0.7541357703115701,2.8864148221470267,-0.6971353712600734,2,70.68417342639636
7,3.101033675126333,0,0.5810232453623303,1.3452110234156534,-0.7463519548991624,5,77.94115059232632
26,1.8596661255468767,0,0.7166608129035811,2.6797826532012636,0.15396322483536373,5,100.0
19,2.181871698507037,1,0.3554961992418342,1.9146264007831166,0.8160370908433248,2,78.2480655567788
4,3.4576000297252953,0,0.957698012317616,2.38783404361299,0.17324783656732534,4,70.32841363312632
11,4.165639002027902,0,0.8800570342828025,2.458673900123169,-0.44586150057320073,5,87.57926337533223
8,4.206737172765219,0,0.6613983094383717,1.9516130647740852,0.871874496497119,1,58.4257378864193
33,1.5965633037589497,0,0.9653729746680861,0.5551653717057271,0.9650425445120774,5,100.0
15,3.4415099812733105,0,0.5666662915164324,0.6364135207067474,0.19892227931743323,3,89.16365033528875
33,4.341490121136984,1,0.6088053865614427,0.9985289943963376,-0.47105636666561845,2,100.0
6,2.864465170633956,0,0.718994095252432,1.5353526705391656,0.9158917198522751,6,72.49047599072105
28,2.6604997581388843,0,0.7379555525990935,1.9290191237073597,-0.6303232041059501,5,91.45576426410764
10,3.171992530421077,1,0.35607400862672156,1.6045842620048865,-0.6732664832031596,3,57.51264963397664
28,1.976646434864612,0,0.3358051439342783,1.4944836023227455,0.023414894229401684,3,80.40023281809638
20,2.89773957448294,0,0.343428991869588,0.6778891971947744,0.1477316993541926,5,74.97096079410812
9,3.2314947026402927,0,0.3340863938799508,0.7450192119518526,-0.9118682768592372,1,61.844857977219355
1,2.321565894662466,0,0.5076287375099652,0.6929688255661699,-0.6602258535618855,1,32.09978544657146
14,1.9833897699736012,0,0.34137407461295816,2.226815787783158,0.45757244451315193,1,83.82564758982097
28,3.5672780672057414,1,0.8361801023986253,1.534196697463151,0.30594584381587864,4,100.0
4,1.7083290215891593,0,0.3289996621735714,2.9195068441212126,0.09972835672879632,6,74.49734398457704
12,1.2909397911146736,0,0.7394217904281355,2.118644851863865,0.6875100879745872,5,59.01638075216829
14,4.322491041727165,0,0.6429093337024212,2.076793611229823,0.4793657955262163,6,86.90968666806145
33,4.3304470933045245,1,0.3475813098735826,0.9530639026242739,0.9143939270384691,3,100.0
35,2.8385783895429495,0,0.5819176393227815,1.7990291895075188,0.9930526175972383,4,99.84477447577193
22,4.518405986847048,0,0.3892991221999596,1.5227128715871905,-0.2912456340277294,3,87.77817566238468
23,3.3560803639236463,1,0.5448980689265981,1.109504844275449,0.3118066261967991,3,100.0
20,3.7973578650105724,1,0.7864671835401333,1.9184773603901835,0.5924872189127743,2,100.0
13,2.762156639491979,1,0.4829331125197686,1.5477486822927131,0.19859857401277736,1,88.14881037044343
6,1.095785061081934,0,0.9590319662542457,0.9360231677787487,-0.056701018498809264,3,69.69166904688342
24,3.085508085894965,1,0.4374060116177469,0.5564112792633681,0.7233297693982019,3,100.0
19,4.233579529216092,0,0.8249019519017882,2.78260366722464,0.14424592744441256,3,99.57237167352352
34,1.7246874034000803,0,0.47279991931701304,1.2660386233775909,0.11026757350637695,6,100.0
31,1.6873178414306338,0,0.4497962750888195,1.2082110087314433,-0.19937432765401186,1,91.75655933549287
9,2.2352091013984614,1,0.9529270573422193,0.5503446223732246,-0.6924325889735676,4,80.74289031089373
18,4.5436559819896996,1,0.9978645921881688,2.3003936523273505,-0.42555758158969836,3,80.19935958184782
30,2.02476605775742,0,0.9322565391412951,0.5615449596030965,-0.5810884609809779,5,100.0
7,2.2503920996332005,0,0.9521885815768181,2.0509281303093028,0.6075104720235254,5,69.75428165474253
29,2.2135421745165327,0,0.9204017515190024,0.8784279281581873,-0.6962276553267395,4,88.30247651258686
13,2.7127357594686914,0,0.4447725251933774,1.7611398541733885,-0.3756205268617412,2,70.16347544817152
20,3.980858970763338,0,0.578796384362338,0.5170367447503204,0.04681437013494372,6,100.0
35,4.384496842120926,1,0.7604013030931673,2.103921416712486,-0.9488604018205307,1,95.71000645704949
16,2.944694616419532,0,0.8686735069303055,0.7060149296548706,0.19993571652213205,3,62.955243938256665
7,4.428923749479164,0,0.4915889203748597,2.7795465717152292,-0.8049846150722495,6,61.75824996540378
17,3.677427936962993,1,0.6573992861099525,0.7998823543274245,-0.3758719106959587,3,86.05253681418476
21,3.730610420176796,0,0.8262776021696767,2.5298655865947084,0.8914994044518603,6,97.57971896998966
9,4.946252456457642,0,0.7744062688409243,1.1307868403378825,0.7460862940304067,6,98.54386338305446
23,1.6731143540308513,1,0.7736512443738932,2.0901183558478165,-0.19641372978115101,5,78.76413560617858
17,2.8435933528263275,0,0.9868691182188234,2.8312223089745046,0.8677318856924976,3,93.44889487655904
31,1.5679770374083386,0,0.8077601201644002,0.7814761663229861,-0.18444393118767466,6,100.0
15,1.283663837951917,1,0.7754137978236939,2.0784399441084416,-0.4588814870240172,3,62.4544934807894
34,2.476544775236818,0,0.6692945542995938,0.9289909176629749,-0.665080510964023,5,96.48138334262337
31,1.4875523301290818,0,0.3968601163043896,2.956848852275965,-0.5000542182623406,1,98.74886715597513
29,2.8719218499121735,0,0.8723363648131404,2.737641509999583,0.7064849383942351,1,100.0
16,2.026588828744383,0,0.9515768524930799,2.1519963242272757,0.492725768626483,1,74.34355315494903
16,2.505659850082776,0,0.4429694744579002,1.5467378583192106,-0.560730142810862,1,75.32472517507459
22,4.3755176449237165,0,0.8755596788039073,2.382121639705516,0.46571837466366195,1,100.0
1,1.4765626879841927,1,0.4695222552432293,0.6825089822490683,0.48805716069535343,1,40.37338157714461
6,1.432115829966317,0,0.33768136743592136,0.9746883227398,-0.9220843073030716,5,68.43117889458951
17,4.445782744085297,0,0.7701114200572481,0.5793062295400779,0.06993334681888808,4,77.61847440353588
7,2.9329283035017406,1,0.6937005618825447,1.1986132682972566,0.5650002887605872,4,83.74106042829546
12,4.816169060312343,0,0.8732084893643299,1.3433265221144137,0.6550473879076342,6,100.0
1,4.805587447916425,1,0.46349715274802766,0.6704665494136568,-0.6257514591789965,1,61.37967546120933
29,4.503619699999579,1,0.8655059519787869,2.3435248607798655,0.0740826294839485,1,100.0
17,2.258515635740795,0,0.4150007902906865,2.457903577309243,-0.7550042760680216,3,61.07735212416593
29,1.4746424578981552,1,0.9688137340066472,1.1174029174797313,0.719290690705213,4,100.0
26,3.0471218262779227,1,0.8854946460899475,1.7561641244069137,-0.971237528031694,3,92.31336789707638
15,4.513663452179847,1,0.8281758411317224,1.6136323243357196,0.18444279866288094,2,73.73830449244497
17,3.013380522424616,0,0.7583077439489101,1.5280101680296352,0.32672506802936274,5,68.8660773666423
33,1.1592457577830153,1,0.44692834071036147,1.1522964491254202,0.9392318778086759,1,100.0
27,4.791118791876919,0,0.8344610905677485,0.7717063484367301,0.9625151547825537,6,92.87028297148764
29,1.5840840771878502,0,0.6717766474362692,2.3642941655119682,0.6518818382238365,2,91.961687496805
1,3.247455159238074,1,0.7449517253668292,1.3898944336766013,-0.7029864367126384,2,65.34947257566985
33,1.7867527892512922,1,0.6950767662372928,2.8323915638205683,0.17302356207489744,6,100.0
2,2.512898060973379,0,0.9185787773815928,1.3573241568979897,0.36774024981806397,6,49.29650394781354
24,1.5886530043797813,0,0.6807811778994772,1.0789975619097474,0.6978477389521456,1,96.349320937581
9,2.371355859221803,1,0.4131861872917908,2.9145807992958317,-0.5884112460211566,3,82.22696493665025
24,1.3238149444627525,1,0.4368206002578799,0.9155734051291469,0.8329783022310284,2,96.6994878531834
9,4.560946487183084,1,0.9664437126473018,2.3448194224970007,0.19485848514684,3,72.36920792604437
28,1.907914157886084,0,0.3609765026230038,1.7184611041801072,0.3828321150263041,6,100.0
18,4.317540600569498,0,0.5461549106393337,2.773871182530346,0.1379109665637015,1,94.55312435787566
26,2.453021406703241,1,0.8538990047476784,2.0034601767214086,-0.3215594032164324,4,100.0
1,1.2050538367039927,1,0.34375485905728753,1.4686661595543917,0.16684303803687017,4,59.09904894443317
14,3.1827838752521034,1,0.7175037682379619,1.7117237923407687,-0.9462646919101294,4,71.33722742162823
